Alumnos,Actividades,,,,,,,,,,,,,,,
,1,2,3,4,5,6,7,8,9,10,11,12,13,14,15,Promedio final
moises,100,100,90,50,0,0,0,0,100,100,90,50,0,0,0,45.33333333
rodrigo,90,90,90,90,90,90,90,90,90,100,100,90,50,0,0,76.66666667
silva,100,100,100,100,100,100,100,100,100,100,100,100,100,100,100,100
joselito,100,100,100,100,100,100,100,100,100,0,0,0,0,100,100,73.33333333
pachica,80,80,80,80,0,60,70,70,10,90,90,90,100,100,100,73.33333333
chiva,90,90,90,90,90,90,90,90,90,100,100,90,50,0,0,76.66666667
